id,first_name,last_name,email,gender,ip_address
1,Rodger,Camber,rcamber0@jiathis.com,Male,204.122.87.4
2,Sigfrid,Exroll,sexroll1@reference.com,Polygender,233.21.56.88
3,Charin,Stollenhof,cstollenhof2@techcrunch.com,Female,8.25.234.129
4,Lauraine,Schoular,lschoular3@hao123.com,Female,75.57.251.111
5,Bonni,Bonder,bbonder4@diigo.com,Female,224.111.119.147
6,Jacques,Byfield,jbyfield5@smugmug.com,Male,10.72.119.130
7,Gustavo,Casaro,gcasaro6@smh.com.au,Male,68.11.244.11
8,Lezley,Gifford,lgifford7@miitbeian.gov.cn,Male,85.191.90.111
9,Cherise,Hearns,chearns8@intel.com,Female,182.223.120.238
10,Lyndsey,Timpany,ltimpany9@oakley.com,Female,117.98.174.166
11,Lindsey,Ewbanks,lewbanksa@telegraph.co.uk,Male,187.2.28.40
12,Teodoor,Dimeloe,tdimeloeb@miitbeian.gov.cn,Male,178.79.53.198
13,Abigale,Kitchener,akitchenerc@flavors.me,Female,217.107.187.146
14,Granville,Ivashkov,givashkovd@china.com.cn,Male,149.167.87.248
15,Flynn,Shalcros,fshalcrose@so-net.ne.jp,Male,164.82.4.200
16,Rob,Chrichton,rchrichtonf@utexas.edu,Male,75.58.25.12
17,Harli,Shane,hshaneg@purevolume.com,Female,124.40.152.174
18,Dana,Heckle,dheckleh@un.org,Male,214.103.154.133
19,Earlie,Mattingly,emattinglyi@bloglovin.com,Male,181.64.69.45
20,Brynna,Trimby,btrimbyj@microsoft.com,Female,27.41.162.181
21,Sara,Budden,sbuddenk@mediafire.com,Female,27.196.106.170
22,Sandor,McCrum,smccruml@vk.com,Male,54.62.122.200
23,Tori,Dalmon,tdalmonm@smh.com.au,Bigender,45.63.88.202
24,Dov,Quillinane,dquillinanen@scribd.com,Male,147.214.193.60
25,Drusilla,Bewshea,dbewsheao@ow.ly,Female,61.232.69.9
26,Germaine,Cardis,gcardisp@seattletimes.com,Female,152.150.177.2
27,Katie,Eves,kevesq@china.com.cn,Female,83.79.197.248
28,Yankee,Newsham,ynewshamr@sun.com,Male,5.124.156.201
29,Chalmers,Metzke,cmetzkes@irs.gov,Male,176.245.156.34
30,Eula,Chaters,echaterst@ameblo.jp,Female,38.248.43.136
31,Anderson,Adamovitch,aadamovitchu@china.com.cn,Male,239.194.87.175
32,Marchall,Rubie,mrubiev@google.nl,Genderfluid,141.168.173.4
33,Inessa,Tidswell,itidswellw@cmu.edu,Female,119.41.106.221
34,Ker,Brotherhed,kbrotherhedx@w3.org,Male,106.2.150.63
35,Vaughan,Letcher,vletchery@sciencedirect.com,Male,187.72.14.254
36,Yetta,Reinbech,yreinbechz@home.pl,Female,113.162.1.120
37,Gordan,Gartin,ggartin10@merriam-webster.com,Male,184.119.204.124
38,Fiorenze,Crosgrove,fcrosgrove11@com.com,Female,57.132.241.44
39,Darsie,Timny,dtimny12@angelfire.com,Female,42.72.224.184
40,Leontyne,Hobden,lhobden13@macromedia.com,Female,174.62.6.174
41,Chevalier,Bisseker,cbisseker14@phoca.cz,Male,192.193.117.21
42,Cris,Goundrill,cgoundrill15@constantcontact.com,Male,12.198.184.157
43,Terrye,Melanaphy,tmelanaphy16@dmoz.org,Female,243.37.165.228
44,Hamnet,Dunbleton,hdunbleton17@uol.com.br,Male,84.47.177.254
45,Luce,Mettetal,lmettetal18@mysql.com,Female,116.121.61.254
46,Jacqui,Franzetti,jfranzetti19@cargocollective.com,Female,112.21.21.20
47,Marcus,Iacovazzi,miacovazzi1a@storify.com,Male,114.190.197.123
48,Conrade,Macbane,cmacbane1b@studiopress.com,Male,140.7.252.147
49,Mathilda,Fransoni,mfransoni1c@go.com,Genderfluid,63.75.79.86
50,Moe,Tunesi,mtunesi1d@seesaa.net,Male,240.170.114.30
51,Cacilie,Craxford,ccraxford1e@unesco.org,Female,208.186.33.184
52,Chance,Tilte,ctilte1f@pen.io,Male,232.165.80.26
53,Clerkclaude,Mattessen,cmattessen1g@slideshare.net,Male,247.186.198.75
54,Flory,Attewill,fattewill1h@technorati.com,Male,220.42.162.64
55,Annamaria,Danilovich,adanilovich1i@devhub.com,Female,187.27.242.214
56,Moina,Purcell,mpurcell1j@ted.com,Polygender,252.77.82.59
57,Frasquito,Kibbee,fkibbee1k@wsj.com,Genderfluid,220.149.15.196
58,Tobey,Alten,talten1l@1und1.de,Female,206.245.252.19
59,Tracie,Habbeshaw,thabbeshaw1m@slashdot.org,Female,40.185.215.131
60,Maryjane,Timby,mtimby1n@elpais.com,Female,6.43.40.124
61,Coriss,Myton,cmyton1o@fotki.com,Female,236.227.206.84
62,Ninette,Haggerty,nhaggerty1p@microsoft.com,Female,214.60.90.107
63,Carole,Rump,crump1q@webmd.com,Female,110.208.168.226
64,Neville,Escalera,nescalera1r@t.co,Male,18.163.63.203
65,Andromache,Brahms,abrahms1s@springer.com,Female,148.73.221.69
66,Diena,Seals,dseals1t@hc360.com,Female,110.114.33.107
67,Weylin,Stare,wstare1u@mozilla.org,Male,154.171.166.169
68,Marven,Marzelli,mmarzelli1v@techcrunch.com,Male,8.177.170.141
69,Seline,Bowley,sbowley1w@aboutads.info,Female,121.62.110.237
70,Adriaens,Vondracek,avondracek1x@people.com.cn,Female,240.174.231.172
71,Dotty,Nutley,dnutley1y@themeforest.net,Female,169.252.249.235
72,Robinett,Drage,rdrage1z@google.com.au,Female,139.47.21.247
73,Sherri,Galloway,sgalloway20@prnewswire.com,Female,122.62.166.200
74,Rikki,Habberjam,rhabberjam21@twitter.com,Male,223.191.216.38
75,Henderson,Webster,hwebster22@webmd.com,Male,42.162.69.6
76,Cyrill,Wickham,cwickham23@mail.ru,Male,21.249.163.25
77,Pernell,Luigi,pluigi24@go.com,Male,251.28.56.22
78,Celestia,Pexton,cpexton25@state.tx.us,Female,107.100.5.83
79,Ki,McColm,kmccolm26@theguardian.com,Female,27.56.52.88
80,Jarret,Redshaw,jredshaw27@berkeley.edu,Male,51.99.192.210
81,Cordell,Stife,cstife28@boston.com,Male,236.246.241.68
82,Adam,Goldsmith,agoldsmith29@ocn.ne.jp,Male,219.214.65.35
83,Valera,Vose,vvose2a@sciencedirect.com,Female,152.177.192.154
84,Henry,Brigge,hbrigge2b@rakuten.co.jp,Male,163.134.150.232
85,Sabina,Hannah,shannah2c@arizona.edu,Agender,173.206.5.86
86,Brander,Mateiko,bmateiko2d@networkadvertising.org,Male,164.186.62.53
87,Dennis,Lawlan,dlawlan2e@spotify.com,Male,186.2.239.230
88,Hollie,Swayte,hswayte2f@domainmarket.com,Female,0.244.233.70
89,Helenka,Dahler,hdahler2g@prweb.com,Female,152.27.232.152
90,Damaris,Dunbobbin,ddunbobbin2h@bravesites.com,Female,157.222.219.46
91,Katrinka,Cumpsty,kcumpsty2i@businesswire.com,Female,14.49.196.41
92,Eli,Ferier,eferier2j@cnbc.com,Male,93.237.244.114
93,Ricardo,Karlolczak,rkarlolczak2k@is.gd,Male,37.90.51.115
94,Marjy,Thyer,mthyer2l@about.me,Agender,221.102.80.88
95,Halie,Brambill,hbrambill2m@theatlantic.com,Female,80.70.39.203
96,Jean,Coomes,jcoomes2n@about.me,Female,18.61.71.117
97,Wilhelmina,McCluskey,wmccluskey2o@economist.com,Female,115.238.61.170
98,Ignacio,Tapsfield,itapsfield2p@xing.com,Male,98.54.47.158
99,Asa,Adamek,aadamek2q@skyrock.com,Male,54.219.114.36
100,Lyndsie,Chislett,lchislett2r@si.edu,Female,167.164.241.243
101,Aarika,Handover,ahandover2s@pagesperso-orange.fr,Female,224.100.42.220
102,Coralie,Grimble,cgrimble2t@sun.com,Bigender,226.87.156.43
103,Hardy,Blunt,hblunt2u@squarespace.com,Male,82.13.107.189
104,Finn,Downton,fdownton2v@seattletimes.com,Male,240.51.232.31
105,Corabella,Havis,chavis2w@google.fr,Female,252.61.234.178
106,Marcel,Loftus,mloftus2x@discovery.com,Male,197.2.227.44
107,Jordan,Klessmann,jklessmann2y@spiegel.de,Female,195.33.249.186
108,Pierre,Mainwaring,pmainwaring2z@tripadvisor.com,Male,243.146.138.210
109,Jelene,Broadfoot,jbroadfoot30@blogs.com,Female,1.25.39.71
110,Kathie,Carriage,kcarriage31@stumbleupon.com,Female,4.191.52.36
111,Hi,Wrankling,hwrankling32@mapquest.com,Male,76.70.208.80
112,Elset,Warke,ewarke33@apple.com,Female,12.34.147.186
113,Carmelle,Rossbrook,crossbrook34@gmpg.org,Female,243.148.38.197
114,Maribel,Jockle,mjockle35@vistaprint.com,Female,213.185.65.115
115,Dennis,Wiggam,dwiggam36@unicef.org,Male,124.21.141.205
116,Lucas,Pawlik,lpawlik37@yale.edu,Male,113.167.134.200
117,Norbie,Aiken,naiken38@trellian.com,Male,133.244.14.66
118,Kirstyn,Fransemai,kfransemai39@google.co.jp,Female,118.23.196.16
119,Nial,Archer,narcher3a@time.com,Male,173.129.224.67
120,Hermie,Symper,hsymper3b@google.pl,Male,65.51.215.8
121,Chase,Kovalski,ckovalski3c@list-manage.com,Male,159.18.174.197
122,Alvinia,Vaud,avaud3d@ed.gov,Female,152.47.198.228
123,Lynn,Keene,lkeene3e@wired.com,Female,17.226.75.120
124,Nealson,Nekrews,nnekrews3f@i2i.jp,Male,217.157.56.240
125,Kent,Landsborough,klandsborough3g@wsj.com,Male,239.36.120.124
126,Foss,Loalday,floalday3h@ted.com,Male,91.13.61.60
127,Townsend,Kliment,tkliment3i@youtu.be,Male,9.127.122.165
128,Kittie,Huckster,khuckster3j@epa.gov,Female,27.196.35.206
129,Wilhelm,Georgeou,wgeorgeou3k@livejournal.com,Male,72.15.126.107
130,Base,Janaway,bjanaway3l@canalblog.com,Male,252.127.248.0
131,Boonie,Waddoups,bwaddoups3m@washingtonpost.com,Male,40.8.172.125
132,Ginger,Burtwhistle,gburtwhistle3n@cyberchimps.com,Female,87.37.213.49
133,Conny,Jost,cjost3o@earthlink.net,Male,166.83.167.206
134,Coleen,Penas,cpenas3p@home.pl,Female,86.236.109.230
135,Raynell,Prudham,rprudham3q@nytimes.com,Female,87.27.83.149
136,Dewey,Tidgewell,dtidgewell3r@opensource.org,Male,164.239.192.115
137,Berk,Daborn,bdaborn3s@desdev.cn,Male,42.182.224.37
138,Patton,Crankshaw,pcrankshaw3t@cpanel.net,Male,51.247.170.29
139,Morry,Duprey,mduprey3u@icq.com,Male,7.149.73.24
140,Hayden,Mousby,hmousby3v@blogs.com,Male,216.92.117.37
141,Peria,Goosey,pgoosey3w@bigcartel.com,Female,236.208.84.235
142,Dael,Clute,dclute3x@dmoz.org,Male,228.244.13.27
143,Connie,Dikles,cdikles3y@tinypic.com,Male,13.239.130.220
144,Merill,Leroux,mleroux3z@arstechnica.com,Male,138.106.58.163
145,Booth,McMarquis,bmcmarquis40@un.org,Male,255.72.120.84
146,Edan,Bastone,ebastone41@istockphoto.com,Male,68.18.238.16
147,Martica,Gilbank,mgilbank42@posterous.com,Female,222.21.47.184
148,Bernardo,Doy,bdoy43@mtv.com,Male,33.182.60.62
149,Octavius,Comellini,ocomellini44@jimdo.com,Male,51.153.117.118
150,Raviv,Dunford,rdunford45@netscape.com,Male,93.87.220.205
151,Jennine,Pikhno,jpikhno46@alexa.com,Female,240.36.16.139
152,Marcus,Diglin,mdiglin47@cnbc.com,Male,184.99.102.133
153,Frannie,Maudlin,fmaudlin48@yolasite.com,Female,213.207.16.4
154,Rosaline,Dawks,rdawks49@gnu.org,Non-binary,241.134.211.152
155,Daune,Mityushkin,dmityushkin4a@state.gov,Female,56.98.3.202
156,Margie,St Quenin,mstquenin4b@aol.com,Female,73.141.146.39
157,Emmalee,Hanrahan,ehanrahan4c@nhs.uk,Bigender,227.86.168.95
158,Cleveland,Lillywhite,clillywhite4d@cargocollective.com,Bigender,176.29.85.79
159,Netti,Hinkes,nhinkes4e@time.com,Female,94.72.152.92
160,Hank,Soares,hsoares4f@photobucket.com,Male,67.192.2.30
161,Titus,Domanski,tdomanski4g@guardian.co.uk,Male,9.126.120.191
162,Ronna,Hasely,rhasely4h@wisc.edu,Female,181.53.111.66
163,Florentia,Koenen,fkoenen4i@macromedia.com,Female,199.162.141.207
164,Lorianne,Statefield,lstatefield4j@answers.com,Female,105.206.21.87
165,Abigael,Heatley,aheatley4k@gov.uk,Female,18.231.215.1
166,Giuseppe,Disney,gdisney4l@nhs.uk,Male,177.168.22.241
167,Mel,Selly,mselly4m@hao123.com,Male,61.153.47.8
168,Flin,Donaghie,fdonaghie4n@amazonaws.com,Male,214.112.117.64
169,Salomi,Todarello,stodarello4o@scribd.com,Female,233.138.76.187
170,Giovanni,Pellett,gpellett4p@squidoo.com,Male,227.72.8.225
171,Ranice,Alsopp,ralsopp4q@dion.ne.jp,Polygender,37.93.231.60
172,Bill,McLorinan,bmclorinan4r@youtu.be,Female,126.95.146.161
173,Clementia,Doul,cdoul4s@dyndns.org,Female,36.170.82.165
174,Tristan,Downage,tdownage4t@archive.org,Male,188.137.102.66
175,Karyl,Beefon,kbeefon4u@csmonitor.com,Female,202.74.208.60
176,Daffy,Labusch,dlabusch4v@ted.com,Female,162.11.129.149
177,Clayson,Wadwell,cwadwell4w@ezinearticles.com,Agender,246.172.38.122
178,Caressa,Dade,cdade4x@sciencedirect.com,Female,92.178.232.246
179,Robbert,Shimmings,rshimmings4y@cnet.com,Male,131.206.198.77
180,Aurelea,Marconi,amarconi4z@gizmodo.com,Female,134.202.109.212
181,Dannie,Antrack,dantrack50@yellowbook.com,Male,148.246.132.174
182,Christalle,Rushmere,crushmere51@newsvine.com,Female,124.43.231.39
183,Mel,Piddick,mpiddick52@shutterfly.com,Female,161.192.170.47
184,Stanwood,Labusch,slabusch53@zimbio.com,Male,171.197.14.59
185,Andriana,Gibson,agibson54@gizmodo.com,Female,227.28.62.240
186,Jeremiah,Wright,jwright55@mlb.com,Male,216.48.119.58
187,Hobard,Gulc,hgulc56@list-manage.com,Male,160.132.16.113
188,Kerrin,Cadalleder,kcadalleder57@examiner.com,Female,63.82.32.156
189,Tisha,Wheowall,twheowall58@hud.gov,Female,170.4.165.197
190,Rafael,Cremin,rcremin59@unblog.fr,Male,107.113.79.65
191,Carson,Stiling,cstiling5a@cbslocal.com,Male,106.219.181.98
192,Wilone,Braffington,wbraffington5b@google.pl,Female,118.78.23.69
193,Berny,Sowrey,bsowrey5c@wisc.edu,Female,209.159.21.170
194,Staffard,Skally,sskally5d@kickstarter.com,Male,161.124.211.218
195,Harvey,Mardling,hmardling5e@webnode.com,Male,167.137.10.247
196,Karel,Rumming,krumming5f@nba.com,Female,210.213.133.14
197,Bertram,Ingolotti,bingolotti5g@vkontakte.ru,Polygender,200.92.171.181
198,Mirilla,Repper,mrepper5h@yelp.com,Bigender,23.106.88.195
199,Wilt,Marshallsay,wmarshallsay5i@dagondesign.com,Male,91.94.106.33
200,Adelind,Salvati,asalvati5j@xrea.com,Female,153.241.150.204
201,Ode,MacNeilly,omacneilly5k@senate.gov,Genderfluid,235.175.115.163
202,Hammad,Farlham,hfarlham5l@wufoo.com,Male,79.45.127.153
203,Jerrome,Godard,jgodard5m@huffingtonpost.com,Male,225.81.101.99
204,Anatollo,Harms,aharms5n@simplemachines.org,Male,114.114.42.209
205,Elvira,Matussov,ematussov5o@prlog.org,Non-binary,130.66.115.168
206,Jacinta,Hurren,jhurren5p@bigcartel.com,Female,235.65.243.89
207,Linn,Fowden,lfowden5q@hostgator.com,Female,219.111.158.236
208,Ladonna,Butterfield,lbutterfield5r@indiatimes.com,Female,232.112.58.113
209,Hattie,McGown,hmcgown5s@shop-pro.jp,Female,94.119.177.208
210,Freddie,Archambault,farchambault5t@latimes.com,Female,53.30.177.185
211,Marja,Clemanceau,mclemanceau5u@marriott.com,Female,157.246.63.170
212,Tildie,Aylin,taylin5v@nhs.uk,Female,114.98.252.47
213,Imojean,Town,itown5w@berkeley.edu,Female,106.205.185.70
214,Cahra,Covolini,ccovolini5x@nps.gov,Female,196.78.138.30
215,Isador,Musico,imusico5y@networksolutions.com,Male,184.18.168.118
216,Glyn,Laurenz,glaurenz5z@boston.com,Female,167.176.145.155
217,Peadar,Greatbatch,pgreatbatch60@ted.com,Male,220.170.33.8
218,Loree,Rixon,lrixon61@cdc.gov,Female,22.152.45.183
219,Anjela,Wardesworth,awardesworth62@zimbio.com,Non-binary,37.57.146.96
220,Deerdre,Soal,dsoal63@meetup.com,Female,115.161.172.36
221,Bess,Braisby,bbraisby64@businesswire.com,Female,212.163.168.161
222,Immanuel,Nials,inials65@china.com.cn,Male,117.30.58.214
223,Marcella,Underwood,munderwood66@tmall.com,Female,82.170.224.187
224,Wheeler,Barles,wbarles67@imageshack.us,Male,22.45.205.226
225,Carlee,Fernley,cfernley68@ed.gov,Female,106.186.152.53
226,Lay,Argont,largont69@sciencedaily.com,Male,159.171.77.157
227,Carlyn,Clorley,cclorley6a@aboutads.info,Female,159.4.235.101
228,Miranda,Bedingfield,mbedingfield6b@paypal.com,Female,174.24.187.121
229,Blake,Stovine,bstovine6c@gmpg.org,Female,72.206.155.110
230,Reynolds,Newlove,rnewlove6d@wikia.com,Male,143.52.52.220
231,Sharona,Mallatratt,smallatratt6e@nature.com,Female,254.164.157.115
232,Bordy,Pollington,bpollington6f@harvard.edu,Non-binary,0.251.143.120
233,Breena,Gutcher,bgutcher6g@statcounter.com,Female,212.12.88.16
234,Xenos,Clace,xclace6h@diigo.com,Male,119.196.130.224
235,Bertie,Madgewick,bmadgewick6i@chicagotribune.com,Male,236.116.204.180
236,Branden,Cathesyed,bcathesyed6j@e-recht24.de,Genderqueer,50.204.237.163
237,Zeb,Arnow,zarnow6k@yandex.ru,Male,168.230.4.245
238,Caritta,Richards,crichards6l@hhs.gov,Female,145.138.220.102
239,Dannye,Espinola,despinola6m@tuttocitta.it,Genderfluid,72.64.4.66
240,Benedict,Foyston,bfoyston6n@tinypic.com,Male,137.243.166.69
241,Elene,Giampietro,egiampietro6o@taobao.com,Female,143.139.70.107
242,Remington,Sappell,rsappell6p@reverbnation.com,Male,5.72.202.78
243,Cassaundra,Fenimore,cfenimore6q@ovh.net,Female,150.83.0.187
244,Barnabe,Clementi,bclementi6r@163.com,Male,248.171.191.3
245,Farlee,Oxshott,foxshott6s@vinaora.com,Male,63.8.77.231
246,Corinna,Feenan,cfeenan6t@wordpress.com,Female,174.244.99.8
247,Jessalin,Perrin,jperrin6u@imgur.com,Female,160.149.139.186
248,Geoff,Wenden,gwenden6v@xinhuanet.com,Male,108.174.141.97
249,Eustacia,Como,ecomo6w@booking.com,Female,73.118.112.213
250,Bax,Buxton,bbuxton6x@tmall.com,Male,61.100.113.158
251,Cordell,Fass,cfass6y@blog.com,Male,176.81.41.189
252,Nannette,Hessel,nhessel6z@vinaora.com,Female,108.114.152.152
253,Keven,Winks,kwinks70@facebook.com,Male,45.168.86.214
254,Fremont,Cathee,fcathee71@altervista.org,Male,95.219.145.59
255,Loy,Potkins,lpotkins72@arizona.edu,Male,196.126.110.239
256,Teddy,Woollends,twoollends73@twitter.com,Male,25.34.96.139
257,Ninon,Pridmore,npridmore74@parallels.com,Female,12.154.197.100
258,Sherwin,Whitney,swhitney75@scientificamerican.com,Male,104.101.236.94
259,Ailbert,Kain,akain76@netvibes.com,Male,219.25.4.59
260,Jarred,Adshed,jadshed77@istockphoto.com,Male,102.34.4.85
261,Britt,Tongue,btongue78@apple.com,Female,21.5.114.157
262,Alejandra,Goodhew,agoodhew79@cargocollective.com,Female,69.155.144.168
263,Leroi,Butchart,lbutchart7a@xrea.com,Male,40.159.66.3
264,Julianne,Joron,jjoron7b@example.com,Polygender,99.205.67.64
265,Allison,Pfeifer,apfeifer7c@ucoz.ru,Genderfluid,236.187.14.9
266,Poul,Lightewood,plightewood7d@geocities.jp,Male,88.44.99.198
267,Madelyn,Elfleet,melfleet7e@census.gov,Genderqueer,172.132.19.58
268,Friedrick,Sangra,fsangra7f@cbslocal.com,Male,152.81.71.205
269,Nicolina,Hadgkiss,nhadgkiss7g@usatoday.com,Female,111.202.196.135
270,Blake,Rouch,brouch7h@unblog.fr,Male,25.83.2.118
271,Alfy,Crolla,acrolla7i@bloglines.com,Female,216.105.98.28
272,Mehetabel,Forten,mforten7j@t.co,Female,75.5.108.69
273,Gipsy,Rudiger,grudiger7k@ed.gov,Female,107.204.240.184
274,Ossie,Vivians,ovivians7l@economist.com,Male,6.155.179.217
275,Merrick,Coram,mcoram7m@wix.com,Male,85.197.166.215
276,Perren,Tassaker,ptassaker7n@ezinearticles.com,Male,113.64.0.87
277,Othilie,Cushworth,ocushworth7o@wired.com,Female,235.185.183.56
278,Jori,Sorrie,jsorrie7p@reddit.com,Female,32.119.150.18
279,Emilie,Gullan,egullan7q@wufoo.com,Genderfluid,81.26.226.136
280,Lon,Fausch,lfausch7r@about.com,Male,227.169.114.3
281,Neddie,Slark,nslark7s@ehow.com,Male,40.74.41.252
282,Hilly,Smalles,hsmalles7t@newsvine.com,Male,235.5.204.139
283,Fanchette,Waddingham,fwaddingham7u@tamu.edu,Female,56.162.13.252
284,Ermentrude,Spelwood,espelwood7v@wired.com,Female,234.214.55.229
285,Carroll,Artingstall,cartingstall7w@dailymotion.com,Male,57.224.92.252
286,Belia,Ingon,bingon7x@oakley.com,Female,18.161.15.184
287,Gerrilee,Fritzer,gfritzer7y@yandex.ru,Female,19.11.154.180
288,Rosemaria,Tully,rtully7z@alexa.com,Female,89.95.27.71
289,Jessee,Bugg,jbugg80@tmall.com,Polygender,4.207.151.114
290,Gustaf,Chicchetto,gchicchetto81@sciencedirect.com,Male,245.195.240.156
291,Gaylord,McCoughan,gmccoughan82@foxnews.com,Male,97.1.221.86
292,Thomas,Chadbourn,tchadbourn83@google.ca,Agender,166.225.208.234
293,Selinda,Maben,smaben84@multiply.com,Female,61.90.142.107
294,Dewain,Gibbieson,dgibbieson85@netlog.com,Male,170.186.27.148
295,Ulises,Curnnok,ucurnnok86@go.com,Male,51.15.237.75
296,Glory,Densham,gdensham87@paginegialle.it,Female,71.95.204.200
297,Nicolette,Longshaw,nlongshaw88@tinyurl.com,Female,179.40.74.231
298,Clarie,Ebdon,cebdon89@ox.ac.uk,Female,112.18.180.189
299,Bernita,Seiter,bseiter8a@oaic.gov.au,Female,36.48.206.71
300,Waring,Bentham3,wbentham8b@flickr.com,Male,2.97.60.175
301,Julie,Horsey,jhorsey8c@tripod.com,Female,216.212.159.0
302,Winne,Dumper,wdumper8d@i2i.jp,Female,185.244.178.1
303,Raf,Pohlke,rpohlke8e@alexa.com,Female,73.177.107.143
304,Theresa,Salmon,tsalmon8f@pinterest.com,Female,243.141.11.98
305,Chelsey,Le Frank,clefrank8g@psu.edu,Female,160.147.191.36
306,Luigi,Curnow,lcurnow8h@youku.com,Male,19.203.5.3
307,Mina,Redsall,mredsall8i@networksolutions.com,Female,93.191.217.165
308,Glen,Copcott,gcopcott8j@marriott.com,Male,170.144.150.176
309,Oralie,Helian,ohelian8k@sfgate.com,Female,230.253.129.229
310,Deeyn,Treharne,dtreharne8l@devhub.com,Female,248.174.232.1
311,Alayne,Dundon,adundon8m@noaa.gov,Female,123.221.153.106
312,Letizia,Fincham,lfincham8n@bbc.co.uk,Female,22.7.244.43
313,Heinrik,Noah,hnoah8o@baidu.com,Male,160.73.183.223
314,Baxie,Luna,bluna8p@prweb.com,Male,10.100.191.121
315,Aurelie,Kershow,akershow8q@liveinternet.ru,Female,74.18.229.225
316,Nadine,Hawkes,nhawkes8r@answers.com,Female,117.110.245.107
317,Baryram,Dennison,bdennison8s@techcrunch.com,Male,188.108.186.139
318,Ethelred,Nelm,enelm8t@accuweather.com,Male,178.115.248.216
319,Isiahi,Casaletto,icasaletto8u@exblog.jp,Male,178.118.6.27
320,Tonia,Coales,tcoales8v@wufoo.com,Female,46.211.48.55
321,Jolee,Wildbore,jwildbore8w@is.gd,Female,141.123.117.108
322,Carolann,Lillie,clillie8x@dropbox.com,Female,68.92.152.59
323,Fallon,Matkin,fmatkin8y@sogou.com,Female,144.151.191.106
324,Morey,Lines,mlines8z@nifty.com,Polygender,19.70.186.4
325,Koral,Scinelli,kscinelli90@irs.gov,Female,5.55.219.23
326,Verine,Korbmaker,vkorbmaker91@cargocollective.com,Female,236.101.64.3
327,Aldo,O'Halligan,aohalligan92@china.com.cn,Male,159.193.37.219
328,Angeli,Tremellier,atremellier93@netscape.com,Male,195.154.82.200
329,Lynelle,Lodin,llodin94@si.edu,Female,90.183.115.61
330,Merrill,Handke,mhandke95@yellowbook.com,Male,162.198.228.52
331,Theresina,Skalls,tskalls96@dailymail.co.uk,Female,189.198.226.18
332,Tabina,Ing,ting97@japanpost.jp,Female,5.181.247.37
333,Dennison,Cholonin,dcholonin98@163.com,Male,189.55.99.183
334,Norry,Winspire,nwinspire99@wisc.edu,Female,130.92.119.92
335,Frasquito,Copestick,fcopestick9a@wisc.edu,Male,139.57.156.49
336,Clarinda,Packington,cpackington9b@fastcompany.com,Female,45.200.170.123
337,Rolph,Markwelley,rmarkwelley9c@europa.eu,Male,238.212.85.116
338,Ludovico,Jeannin,ljeannin9d@vimeo.com,Male,197.197.83.182
339,Myer,Pressman,mpressman9e@digg.com,Male,96.98.143.172
340,Lowe,Pagon,lpagon9f@unblog.fr,Male,226.13.122.106
341,Rasla,Danzey,rdanzey9g@discovery.com,Genderqueer,237.59.55.105
342,Marketa,Somerled,msomerled9h@typepad.com,Female,166.143.97.168
343,Karlens,Laytham,klaytham9i@intel.com,Male,200.206.215.134
344,Eddy,Borton,eborton9j@fc2.com,Male,220.175.145.164
345,Angel,O'Cahsedy,aocahsedy9k@noaa.gov,Female,17.96.21.114
346,Tamar,Lyall,tlyall9l@howstuffworks.com,Female,123.40.62.87
347,Arnoldo,Garrud,agarrud9m@yahoo.com,Male,176.235.175.92
348,Helli,Bridgen,hbridgen9n@mit.edu,Female,196.104.170.172
349,Adriano,Hoofe,ahoofe9o@princeton.edu,Male,165.52.130.25
350,Abra,Standidge,astandidge9p@umich.edu,Female,147.194.159.180
351,Yorker,Coolican,ycoolican9q@fotki.com,Male,243.117.176.131
352,Nanni,Angus,nangus9r@chicagotribune.com,Agender,107.63.192.96
353,Joyous,Jakes,jjakes9s@list-manage.com,Female,15.145.194.79
354,Margeaux,Kenion,mkenion9t@google.com,Female,104.179.192.20
355,Garold,Everex,geverex9u@fotki.com,Male,212.86.114.182
356,Marja,Proppers,mproppers9v@webs.com,Genderqueer,202.146.50.182
357,Brig,Sandeson,bsandeson9w@cpanel.net,Male,230.52.182.136
358,Kaile,Mawby,kmawby9x@geocities.com,Female,210.45.226.146
359,Rebecca,Millmore,rmillmore9y@storify.com,Female,217.7.201.57
360,Gris,Morpeth,gmorpeth9z@jiathis.com,Male,27.39.65.151
361,Danna,Lestor,dlestora0@jimdo.com,Non-binary,223.132.24.208
362,Marleen,Fawdery,mfawderya1@histats.com,Female,253.217.186.27
363,Cirstoforo,Rheubottom,crheubottoma2@house.gov,Male,242.188.58.22
364,Glenden,Treacher,gtreachera3@jugem.jp,Male,204.4.90.92
365,Suzy,Langmuir,slangmuira4@wsj.com,Female,40.11.170.114
366,Dougie,Gunter,dguntera5@omniture.com,Male,217.250.82.127
367,Boonie,Gidley,bgidleya6@google.nl,Male,49.9.208.107
368,George,Boston,gbostona7@paginegialle.it,Male,138.63.172.162
369,Myrna,Folks,mfolksa8@economist.com,Female,136.113.85.105
370,Carlene,Tevelov,ctevelova9@gov.uk,Female,245.215.171.19
371,Humfrey,Toolan,htoolanaa@dedecms.com,Male,202.10.244.28
372,Brnaba,Deetlefs,bdeetlefsab@ocn.ne.jp,Male,187.54.217.243
373,Lancelot,Damp,ldampac@pen.io,Male,233.56.94.38
374,Willi,Jorger,wjorgerad@mac.com,Female,159.209.48.174
375,Valera,Fedder,vfedderae@simplemachines.org,Agender,158.131.15.240
376,Terrence,Orritt,torrittaf@upenn.edu,Male,196.204.42.44
377,Amerigo,Hatcher,ahatcherag@zimbio.com,Male,161.218.12.129
378,Berget,Dell Casa,bdellcasaah@technorati.com,Female,228.177.224.231
379,Jaquelyn,Masterson,jmastersonai@eepurl.com,Female,246.97.246.182
380,Samara,Killbey,skillbeyaj@goo.ne.jp,Female,76.243.121.82
381,Brooks,Behagg,bbehaggak@artisteer.com,Male,202.24.36.148
382,Cammie,Perrigo,cperrigoal@t.co,Female,162.104.104.165
383,Gwenora,Weatherdon,gweatherdonam@senate.gov,Female,252.87.182.129
384,Bendick,Tiler,btileran@acquirethisname.com,Male,216.138.80.49
385,Paquito,Blagbrough,pblagbroughao@booking.com,Male,224.53.9.75
386,Fabe,Catonne,fcatonneap@addthis.com,Male,250.146.109.216
387,Conant,Woolaghan,cwoolaghanaq@discuz.net,Male,100.125.225.20
388,Munmro,Gledhill,mgledhillar@themeforest.net,Male,191.250.150.202
389,Renard,Troake,rtroakeas@umich.edu,Male,115.238.133.72
390,Caryl,Swaffield,cswaffieldat@army.mil,Non-binary,87.8.236.122
391,Patin,Lindsey,plindseyau@jigsy.com,Male,122.231.34.169
392,Elisha,Searl,esearlav@berkeley.edu,Male,161.205.227.98
393,Julio,Dunniom,jdunniomaw@flickr.com,Male,142.66.144.136
394,Loella,Illidge,lillidgeax@bizjournals.com,Female,208.110.201.218
395,Brunhilde,Georgins,bgeorginsay@csmonitor.com,Female,134.155.164.127
396,Wolfie,Burgoyne,wburgoyneaz@linkedin.com,Male,147.34.205.197
397,Buck,Loomes,bloomesb0@census.gov,Male,75.85.191.221
398,Regine,Phipard-Shears,rphipardshearsb1@jugem.jp,Female,151.113.146.172
399,Tandie,Neathway,tneathwayb2@goo.ne.jp,Female,0.141.181.244
400,Dennie,Quarry,dquarryb3@senate.gov,Female,233.203.223.80
401,Paula,Lethibridge,plethibridgeb4@nydailynews.com,Female,213.187.239.187
402,Nicolai,Veryan,nveryanb5@sourceforge.net,Male,156.23.8.124
403,Darda,Eccleston,decclestonb6@ustream.tv,Female,58.223.27.148
404,Bab,Quesne,bquesneb7@walmart.com,Female,208.32.69.159
405,Selinda,Pau,spaub8@trellian.com,Female,191.168.177.146
406,Onfroi,Olufsen,oolufsenb9@digg.com,Male,172.153.122.94
407,Delmer,Kettow,dkettowba@gmpg.org,Male,243.181.212.48
408,Teresina,Raise,traisebb@slideshare.net,Female,239.223.3.62
409,Joseito,Dyshart,jdyshartbc@ning.com,Male,171.193.228.207
410,Lin,Locks,llocksbd@bluehost.com,Male,252.35.154.207
411,Charmion,Deboick,cdeboickbe@thetimes.co.uk,Non-binary,102.240.212.220
412,Bernelle,Humfrey,bhumfreybf@phpbb.com,Female,91.130.21.215
413,Cherise,Gladding,cgladdingbg@sohu.com,Female,39.26.197.212
414,Tatiania,Struan,tstruanbh@hubpages.com,Female,37.163.21.219
415,Cthrine,Rawlcliffe,crawlcliffebi@google.ru,Female,63.19.113.61
416,Goraud,Evequot,gevequotbj@elegantthemes.com,Agender,63.251.115.57
417,Tiphanie,Domange,tdomangebk@51.la,Polygender,188.89.93.168
418,Reynard,Whordley,rwhordleybl@amazon.de,Male,108.195.79.128
419,Adolf,McGow,amcgowbm@github.io,Male,82.243.69.251
420,Griffy,Corry,gcorrybn@networksolutions.com,Male,120.50.199.223
421,Caterina,Gorvin,cgorvinbo@simplemachines.org,Female,246.98.26.219
422,Rafaello,Cortes,rcortesbp@twitter.com,Male,220.55.237.148
423,Florian,Gentile,fgentilebq@si.edu,Male,141.218.201.147
424,Myrtie,Anglin,manglinbr@linkedin.com,Female,67.195.117.22
425,Anselm,Malec,amalecbs@ucsd.edu,Male,207.143.21.166
426,Nathalia,Boumphrey,nboumphreybt@php.net,Female,188.132.131.136
427,Brittaney,Plowell,bplowellbu@blog.com,Female,139.231.73.26
428,Rebecca,Streatfield,rstreatfieldbv@msn.com,Female,81.76.38.120
429,Viva,Symondson,vsymondsonbw@jiathis.com,Female,184.250.186.38
430,Mareah,Longshaw,mlongshawbx@cafepress.com,Female,193.188.61.236
431,Rafaellle,Valenta,rvalentaby@hao123.com,Male,244.111.206.215
432,Iormina,Runnicles,irunniclesbz@wsj.com,Polygender,208.182.255.38
433,Layney,O'Henery,loheneryc0@hatena.ne.jp,Female,109.76.64.10
434,Sayre,Vinter,svinterc1@yale.edu,Male,233.249.3.211
435,Gwenneth,Fardoe,gfardoec2@g.co,Genderqueer,170.90.65.223
436,Gawen,Sesser,gsesserc3@zimbio.com,Male,73.98.229.51
437,Maribel,Skullet,mskulletc4@ovh.net,Female,186.159.175.190
438,Nollie,Copplestone,ncopplestonec5@ning.com,Female,63.225.116.67
439,Dynah,Ollivierre,dollivierrec6@hc360.com,Genderqueer,60.143.66.59
440,Mohandas,McBain,mmcbainc7@technorati.com,Male,174.11.234.181
441,Joachim,McComas,jmccomasc8@nasa.gov,Male,182.21.177.146
442,Myra,Coggell,mcoggellc9@army.mil,Female,113.43.129.91
443,Enrichetta,Gorusso,egorussoca@hud.gov,Female,105.30.47.227
444,Cornall,Bispo,cbispocb@forbes.com,Male,160.6.127.220
445,Mallory,Greenslade,mgreensladecc@google.ca,Male,75.230.147.49
446,Rodger,Gatehouse,rgatehousecd@drupal.org,Male,46.123.47.122
447,Lin,Colston,lcolstonce@virginia.edu,Female,191.25.141.139
448,Sherri,Frenchum,sfrenchumcf@cyberchimps.com,Female,75.170.134.52
449,Arlene,Klee,akleecg@domainmarket.com,Female,121.10.231.178
450,Colan,Squire,csquirech@patch.com,Genderqueer,62.127.191.179
451,Dulci,Ferentz,dferentzci@ihg.com,Female,242.178.125.195
452,Annecorinne,Milley,amilleycj@wired.com,Female,221.32.199.122
453,Claudina,Karlsson,ckarlssonck@google.ca,Female,17.21.241.6
454,Blondell,Medcalfe,bmedcalfecl@zdnet.com,Female,251.72.112.98
455,Harriott,Tumasian,htumasiancm@ameblo.jp,Female,7.77.189.91
456,Bobbi,Campany,bcampanycn@bbc.co.uk,Female,176.159.88.200
457,Lynette,Mounfield,lmounfieldco@tinyurl.com,Female,101.202.246.160
458,Norby,MacInherney,nmacinherneycp@disqus.com,Male,19.61.162.185
459,Conrad,Kernar,ckernarcq@free.fr,Male,46.72.205.33
460,Wally,Redwin,wredwincr@behance.net,Bigender,132.124.68.144
461,Vania,Skelly,vskellycs@tamu.edu,Agender,97.50.122.168
462,Teddy,Stanmore,tstanmorect@flavors.me,Male,161.82.192.13
463,Ashley,Nolda,anoldacu@drupal.org,Male,133.137.106.203
464,Taddeusz,Gerhardt,tgerhardtcv@vkontakte.ru,Male,49.114.202.27
465,Tann,Bonnell,tbonnellcw@berkeley.edu,Male,28.98.154.171
466,Claudie,Masseo,cmasseocx@jimdo.com,Female,130.148.249.105
467,Ancell,Osgodby,aosgodbycy@netvibes.com,Male,228.74.3.95
468,Aharon,Saltsberg,asaltsbergcz@360.cn,Polygender,229.37.45.76
469,Mira,Gisburn,mgisburnd0@themeforest.net,Female,239.121.5.36
470,Aviva,Petrakov,apetrakovd1@hao123.com,Non-binary,39.120.13.161
471,Krystal,Bage,kbaged2@wufoo.com,Female,100.80.96.77
472,Phyllys,Oliveira,poliveirad3@t.co,Female,59.190.121.237
473,Ainsley,Cassimer,acassimerd4@reuters.com,Female,222.44.245.135
474,Violette,Lawrence,vlawrenced5@sohu.com,Female,85.144.90.238
475,Milena,Jordan,mjordand6@mediafire.com,Female,10.74.43.48
476,Caril,Byfield,cbyfieldd7@goodreads.com,Female,74.242.128.35
477,Debbie,Eminson,deminsond8@sina.com.cn,Female,96.71.244.254
478,Alix,Kalberer,akalbererd9@narod.ru,Female,121.124.119.31
479,Dory,Gilvary,dgilvaryda@barnesandnoble.com,Genderqueer,203.105.134.172
480,Shina,Colpus,scolpusdb@mysql.com,Female,0.66.149.148
481,Silvan,Rowesby,srowesbydc@is.gd,Male,113.146.169.114
482,Mart,Veryard,mveryarddd@ehow.com,Male,13.157.30.178
483,Paquito,Holttom,pholttomde@bluehost.com,Male,116.135.46.231
484,Kelwin,Buckthorp,kbuckthorpdf@godaddy.com,Male,182.178.74.117
485,Maggie,Jansen,mjansendg@bbb.org,Female,19.160.229.147
486,Frederick,Leimster,fleimsterdh@ameblo.jp,Male,228.156.40.195
487,Vale,Jandac,vjandacdi@rediff.com,Male,234.117.48.113
488,Matty,Oakwood,moakwooddj@storify.com,Female,140.24.84.2
489,Niall,Craigg,ncraiggdk@freewebs.com,Male,46.245.20.37
490,Murdoch,Morshead,mmorsheaddl@wiley.com,Genderfluid,162.103.22.212
491,Cyndie,Grunder,cgrunderdm@bloglines.com,Female,145.107.64.147
492,Kip,Krysztofiak,kkrysztofiakdn@live.com,Female,225.223.151.22
493,Marigold,Manchester,mmanchesterdo@tiny.cc,Female,218.46.23.111
494,Angie,Gladtbach,agladtbachdp@friendfeed.com,Female,230.244.180.122
495,Braden,Gian,bgiandq@wiley.com,Male,165.221.206.93
496,Udale,Nanelli,unanellidr@vimeo.com,Male,144.105.189.71
497,Sonnie,Crosser,scrosserds@auda.org.au,Female,49.233.242.7
498,Drew,Werrilow,dwerrilowdt@hubpages.com,Genderqueer,140.74.185.44
499,Cash,Downgate,cdowngatedu@wsj.com,Male,18.185.79.112
500,Jewell,Gregoletti,jgregolettidv@miitbeian.gov.cn,Female,33.59.1.74
501,Adrianne,Rait,araitdw@nhs.uk,Female,93.41.239.44
502,Malcolm,Robuchon,mrobuchondx@army.mil,Male,56.116.139.158
503,Tamarra,Moxsom,tmoxsomdy@parallels.com,Female,172.18.127.150
504,Prudence,Nellies,pnelliesdz@liveinternet.ru,Genderfluid,48.192.86.235
505,Timoteo,Stockport,tstockporte0@dedecms.com,Male,116.2.58.185
506,Rafaello,Rouf,rroufe1@craigslist.org,Male,250.241.24.232
507,Mala,Webster,mwebstere2@php.net,Female,157.64.147.21
508,Diarmid,Malletratt,dmalletratte3@redcross.org,Male,14.25.244.63
509,Alejandro,Sygrove,asygrovee4@ox.ac.uk,Agender,249.85.169.172
510,Urson,Thomke,uthomkee5@diigo.com,Polygender,209.209.244.213
511,Abbe,Daniele,adanielee6@hubpages.com,Male,207.193.177.139
512,Florentia,Giorgioni,fgiorgionie7@amazon.co.uk,Female,208.0.85.196
513,Cesare,Teale,ctealee8@tmall.com,Male,43.157.41.251
514,Rossy,Boundey,rboundeye9@wisc.edu,Male,241.255.138.4
515,Lutero,Creek,lcreekea@hp.com,Male,149.107.76.37
516,Jobye,Orteu,jorteueb@irs.gov,Female,206.133.229.51
517,Giuseppe,Treske,gtreskeec@mapy.cz,Male,105.102.217.46
518,Cynthy,Hammerstone,chammerstoneed@timesonline.co.uk,Female,226.48.203.40
519,Cathe,Brenstuhl,cbrenstuhlee@desdev.cn,Female,170.15.169.136
520,Keven,Pococke,kpocockeef@rambler.ru,Male,83.92.61.73
521,Filide,Strotton,fstrottoneg@google.com.br,Female,112.194.245.27
522,Gretel,Yosifov,gyosifoveh@spiegel.de,Female,180.63.148.104
523,Gerri,Rawet,grawetei@merriam-webster.com,Male,70.239.146.241
524,Lusa,Deeves,ldeevesej@issuu.com,Female,218.94.82.155
525,Clotilda,Scarborough,cscarboroughek@uol.com.br,Female,81.38.253.213
526,Rolf,Thexton,rthextonel@bluehost.com,Male,238.52.233.60
527,Orv,Catto,ocattoem@google.co.jp,Male,210.251.209.27
528,Becca,Kibbe,bkibbeen@ehow.com,Female,192.177.120.36
529,Lind,Dumbelton,ldumbeltoneo@comcast.net,Female,81.155.67.7
530,Sandor,Kleisle,skleisleep@indiegogo.com,Male,184.79.111.133
531,Marjory,Jilkes,mjilkeseq@ustream.tv,Female,83.102.213.203
532,Maud,Aronowitz,maronowitzer@columbia.edu,Female,135.167.2.177
533,Augie,O' Mullane,aomullanees@tuttocitta.it,Male,74.3.144.67
534,Nicol,Kemmet,nkemmetet@jugem.jp,Male,234.35.24.47
535,Korrie,Pavluk,kpavlukeu@sitemeter.com,Female,17.168.112.154
536,Paige,Davidzon,pdavidzonev@amazon.co.jp,Non-binary,241.38.143.255
537,Jemimah,Tidbury,jtidburyew@ycombinator.com,Female,243.193.122.123
538,Konstantin,Kulvear,kkulvearex@dell.com,Male,52.49.61.80
539,Cullie,Vayro,cvayroey@nps.gov,Male,196.203.125.179
540,Kalli,Lotwich,klotwichez@vinaora.com,Female,221.237.20.226
541,Giffie,Imorts,gimortsf0@studiopress.com,Male,3.248.221.164
542,Ruthie,McOwan,rmcowanf1@feedburner.com,Female,50.215.200.120
543,Johnna,Bellenger,jbellengerf2@tumblr.com,Female,214.113.131.151
544,Sid,Dragon,sdragonf3@sfgate.com,Male,215.147.178.91
545,Nicol,Sheards,nsheardsf4@reverbnation.com,Male,65.59.43.210
546,Gisela,Bruun,gbruunf5@ning.com,Female,92.100.209.197
547,Carola,Dyzart,cdyzartf6@t.co,Female,14.246.49.183
548,Davy,Sorby,dsorbyf7@feedburner.com,Male,164.42.57.237
549,Pansy,Di Maggio,pdimaggiof8@psu.edu,Female,138.248.220.163
550,Rafaello,Bryceson,rbrycesonf9@hostgator.com,Genderfluid,195.31.132.21
551,Mellicent,Ham,mhamfa@tmall.com,Female,13.188.13.48
552,Margarethe,Coke,mcokefb@plala.or.jp,Female,177.255.144.210
553,Marylou,Greeve,mgreevefc@nsw.gov.au,Female,248.121.248.134
554,Bendick,Rivallant,brivallantfd@phoca.cz,Male,254.246.72.141
555,Urban,Carney,ucarneyfe@youtube.com,Male,249.218.222.240
556,Agretha,Glassup,aglassupff@over-blog.com,Female,162.148.239.80
557,Meir,Schleswig-Holstein,mschleswigholsteinfg@ycombinator.com,Bigender,120.124.101.182
558,Kristel,Tilby,ktilbyfh@boston.com,Female,4.106.61.72
559,Basilius,Exroll,bexrollfi@addtoany.com,Bigender,75.203.221.222
560,Suzie,Ciccottini,sciccottinifj@discuz.net,Female,217.244.195.179
561,Giovanna,Enticott,genticottfk@telegraph.co.uk,Female,142.212.214.255
562,Guenna,Jorin,gjorinfl@canalblog.com,Female,80.190.97.128
563,Shirl,Shilburne,sshilburnefm@nsw.gov.au,Female,141.207.114.67
564,Brand,Blacklock,bblacklockfn@house.gov,Male,225.217.226.243
565,Lauree,Casali,lcasalifo@exblog.jp,Female,231.204.98.177
566,Skye,Cubbon,scubbonfp@ft.com,Male,125.74.6.144
567,Linette,Truitt,ltruittfq@addthis.com,Female,21.200.166.211
568,Alard,Kenney,akenneyfr@networksolutions.com,Male,119.95.50.99
569,Magdaia,Yarnley,myarnleyfs@slashdot.org,Female,27.57.45.15
570,Chloette,Zanolli,czanollift@1688.com,Female,180.210.54.211
571,Leora,Lansbury,llansburyfu@ezinearticles.com,Female,33.226.234.180
572,Jenica,Parffrey,jparffreyfv@nationalgeographic.com,Female,62.212.239.4
573,Seamus,O'Lennane,solennanefw@usa.gov,Male,149.134.137.247
574,Salmon,Goggin,sgogginfx@domainmarket.com,Male,90.92.109.213
575,Tera,Hillock,thillockfy@trellian.com,Female,101.45.126.111
576,Nat,Berndtssen,nberndtssenfz@xrea.com,Male,28.144.44.96
577,Sancho,McCroft,smccroftg0@facebook.com,Male,230.56.212.186
578,Devon,Lacoste,dlacosteg1@latimes.com,Female,220.111.122.131
579,Fanni,Saylor,fsaylorg2@myspace.com,Female,77.136.185.27
580,Clair,Feild,cfeildg3@cisco.com,Male,223.215.201.192
581,Abdel,McGow,amcgowg4@abc.net.au,Male,165.25.178.134
582,Osbourn,Pigney,opigneyg5@oracle.com,Male,80.31.135.139
583,Nathaniel,Gilbride,ngilbrideg6@booking.com,Male,254.76.39.201
584,Emmye,Smorthit,esmorthitg7@amazon.com,Bigender,100.183.117.3
585,Ashia,Mabson,amabsong8@un.org,Female,160.190.62.114
586,Cathryn,Trusler,ctruslerg9@reuters.com,Agender,216.94.185.133
587,Haskel,Macro,hmacroga@surveymonkey.com,Male,252.87.190.206
588,Lethia,Argente,largentegb@hexun.com,Female,125.93.219.50
589,Brunhilda,Crufts,bcruftsgc@wordpress.org,Female,181.49.92.29
590,Heddie,Woliter,hwolitergd@csmonitor.com,Female,113.10.240.175
591,Mylo,Pickerill,mpickerillge@wikimedia.org,Male,174.224.42.43
592,Maryjane,Nesfield,mnesfieldgf@1und1.de,Female,194.179.164.232
593,Cyndi,Tedridge,ctedridgegg@paginegialle.it,Female,191.123.26.216
594,Joel,Coneybeare,jconeybearegh@accuweather.com,Male,24.9.207.103
595,Brion,Wheatcroft,bwheatcroftgi@newyorker.com,Male,33.216.211.110
596,Jacques,Lowrance,jlowrancegj@usnews.com,Male,212.23.216.150
597,Falito,Halladay,fhalladaygk@reddit.com,Male,84.112.114.112
598,Myrvyn,Sooper,msoopergl@deliciousdays.com,Male,80.60.233.202
599,Tonya,Folca,tfolcagm@webs.com,Female,129.37.11.90
600,Barnabas,Harbisher,bharbishergn@instagram.com,Male,37.126.46.154
601,Ibbie,Omar,iomargo@webnode.com,Polygender,187.170.196.109
602,Laird,Algar,lalgargp@ning.com,Male,89.220.110.227
603,Hadley,Reavey,hreaveygq@google.pl,Male,213.25.72.122
604,Damara,Knagges,dknaggesgr@yale.edu,Female,61.149.152.88
605,Normy,Will,nwillgs@vimeo.com,Male,235.186.106.114
606,Maryjo,Wasbey,mwasbeygt@omniture.com,Non-binary,168.161.58.183
607,Shea,Routledge,sroutledgegu@illinois.edu,Male,228.156.138.235
608,Robinette,Albrighton,ralbrightongv@oracle.com,Polygender,132.8.204.208
609,Kelsey,Banasiak,kbanasiakgw@squidoo.com,Male,170.17.57.106
610,Callean,O' Reagan,coreagangx@mozilla.org,Male,124.108.109.10
611,Archibaldo,Malster,amalstergy@salon.com,Male,11.0.122.170
612,Sheilakathryn,Cadore,scadoregz@nyu.edu,Female,86.179.116.234
613,Ogdan,Grunwald,ogrunwaldh0@acquirethisname.com,Male,182.162.113.36
614,Lawton,Coventon,lcoventonh1@bigcartel.com,Genderfluid,210.73.3.106
615,Becka,Gideon,bgideonh2@creativecommons.org,Female,24.23.121.14
616,Thomasa,Luckman,tluckmanh3@blogspot.com,Female,215.155.127.139
617,Nessy,Hewkin,nhewkinh4@nba.com,Female,44.233.139.224
618,Jacinta,De la Eglise,jdelaegliseh5@icq.com,Non-binary,216.14.99.55
619,Britt,Spada,bspadah6@disqus.com,Female,65.179.28.221
620,Tiler,Halls,thallsh7@homestead.com,Male,47.98.148.183
621,John,Hartwell,jhartwellh8@trellian.com,Bigender,29.50.9.240
622,Murray,Youd,myoudh9@soundcloud.com,Male,115.175.247.43
623,Mycah,Gealy,mgealyha@mozilla.com,Male,98.63.136.73
624,Berte,Legrand,blegrandhb@i2i.jp,Female,54.227.24.54
625,Elle,Truwert,etruwerthc@imageshack.us,Female,131.130.8.79
626,Faunie,Latus,flatushd@pcworld.com,Female,49.54.154.251
627,Pietro,Passey,ppasseyhe@dedecms.com,Male,185.57.219.79
628,Haleigh,Owain,howainhf@ted.com,Female,128.246.242.1
629,Grange,Tytterton,gtyttertonhg@seesaa.net,Male,26.231.103.225
630,Axe,O'Lahy,aolahyhh@prweb.com,Bigender,167.200.26.102
631,Winslow,Josovich,wjosovichhi@skyrock.com,Bigender,6.203.42.100
632,Pasquale,Bembrigg,pbembrigghj@nbcnews.com,Male,229.236.51.131
633,Farlie,Jennaway,fjennawayhk@diigo.com,Male,182.231.185.73
634,Sara,De Moreno,sdemorenohl@time.com,Female,34.201.106.207
635,Kiley,Shury,kshuryhm@weebly.com,Male,235.99.248.52
636,Prudi,Camacho,pcamachohn@toplist.cz,Female,111.228.84.128
637,Reuben,Bendix,rbendixho@cornell.edu,Bigender,26.226.25.79
638,Nancy,Breyt,nbreythp@forbes.com,Female,179.146.99.89
639,Free,Glading,fgladinghq@surveymonkey.com,Male,14.238.84.178
640,Selinda,Took,stookhr@bloglovin.com,Female,47.147.253.235
641,Luigi,Schorah,lschorahhs@yahoo.com,Male,8.246.120.54
642,Angie,Toyer,atoyerht@feedburner.com,Agender,132.19.10.192
643,Tierney,Tather,ttatherhu@dot.gov,Female,93.43.30.148
644,Maison,Colton,mcoltonhv@engadget.com,Male,27.24.83.111
645,Harmonie,Liffe,hliffehw@prlog.org,Female,112.158.90.83
646,Matt,Haugg,mhaugghx@mozilla.org,Male,92.124.148.45
647,Athene,Newe,anewehy@canalblog.com,Female,83.30.244.16
648,Free,Leiden,fleidenhz@printfriendly.com,Male,249.184.79.192
649,Del,Jinda,djindai0@reuters.com,Female,222.15.70.19
650,Mal,Ludron,mludroni1@hc360.com,Male,55.166.101.195
651,Rozanne,Cano,rcanoi2@prlog.org,Female,243.85.66.174
652,Alene,Judron,ajudroni3@blogspot.com,Female,254.22.129.57
653,Rod,Streater,rstreateri4@over-blog.com,Male,33.206.114.221
654,Jonah,Malacrida,jmalacridai5@wsj.com,Male,104.47.62.75
655,Aldo,Ridsdale,aridsdalei6@hhs.gov,Male,178.10.48.215
656,Barron,Rebanks,brebanksi7@flavors.me,Male,115.166.136.179
657,Cyndia,St Quenin,cstquenini8@privacy.gov.au,Female,243.192.224.127
658,Elaina,Glasgow,eglasgowi9@oakley.com,Female,116.247.41.218
659,Angelique,Cohalan,acohalania@miitbeian.gov.cn,Female,105.199.111.95
660,Mallory,Mulberry,mmulberryib@mayoclinic.com,Male,217.160.176.185
661,Jourdan,Boog,jboogic@latimes.com,Female,241.195.140.248
662,Johan,Kennedy,jkennedyid@chron.com,Polygender,1.150.60.49
663,Rosana,Creer,rcreerie@arstechnica.com,Female,235.22.63.70
664,Romain,Martensen,rmartensenif@opera.com,Male,64.54.61.223
665,Stephani,Portail,sportailig@nhs.uk,Female,143.43.115.112
666,Gillian,Marion,gmarionih@dmoz.org,Agender,224.129.223.203
667,Deina,Pudney,dpudneyii@intel.com,Female,17.139.75.144
668,Giorgio,Ketch,gketchij@chron.com,Genderfluid,173.205.187.20
669,Shirley,Nulty,snultyik@so-net.ne.jp,Female,204.244.119.243
670,Neile,Fundell,nfundellil@163.com,Female,149.74.82.195
671,Beryl,Raitie,braitieim@eepurl.com,Female,155.249.44.70
672,Immanuel,Szimoni,iszimoniin@shareasale.com,Male,118.4.97.86
673,Antonino,Woodsford,awoodsfordio@technorati.com,Male,51.192.3.112
674,Perceval,Freeman,pfreemanip@ifeng.com,Male,216.102.11.139
675,Cybil,Dakin,cdakiniq@friendfeed.com,Female,241.122.186.73
676,Darius,Keavy,dkeavyir@howstuffworks.com,Male,77.108.0.45
677,Erinn,Huban,ehubanis@diigo.com,Non-binary,32.189.162.122
678,Ebba,Burry,eburryit@psu.edu,Female,108.88.21.90
679,Maurine,Elstub,melstubiu@last.fm,Female,89.139.82.171
680,Stephana,Dowears,sdowearsiv@epa.gov,Female,24.214.170.195
681,Catina,Minty,cmintyiw@state.tx.us,Female,109.223.252.156
682,Carlynne,Dye,cdyeix@google.ru,Female,35.103.151.85
683,Meagan,Knowlton,mknowltoniy@arizona.edu,Female,237.172.236.191
684,Gabbie,Scaysbrook,gscaysbrookiz@about.me,Female,33.4.194.186
685,Ivar,Kippie,ikippiej0@gov.uk,Male,233.217.202.225
686,Aidan,Brendish,abrendishj1@list-manage.com,Female,211.70.115.202
687,Ham,Daniele,hdanielej2@i2i.jp,Male,117.212.36.234
688,Max,Tiesman,mtiesmanj3@fema.gov,Male,127.146.17.180
689,Heinrick,Tampen,htampenj4@imageshack.us,Male,83.149.169.108
690,Paulie,Caccavale,pcaccavalej5@answers.com,Male,187.162.165.234
691,Adaline,Buckoke,abuckokej6@google.ca,Female,3.42.56.61
692,Gena,Costall,gcostallj7@psu.edu,Female,244.91.54.197
693,Newton,Duigan,nduiganj8@angelfire.com,Bigender,248.90.82.143
694,Ryley,Dent,rdentj9@plala.or.jp,Male,91.132.183.68
695,Stefano,Moon,smoonja@google.ru,Genderqueer,8.49.175.126
696,Blakelee,Baynard,bbaynardjb@vkontakte.ru,Female,127.237.174.119
697,Amelita,Toms,atomsjc@auda.org.au,Female,37.234.4.17
698,Rafaelia,Stiegers,rstiegersjd@wufoo.com,Female,119.16.195.239
699,Iorgos,Novichenko,inovichenkoje@disqus.com,Male,18.108.213.139
700,Brittany,Benbow,bbenbowjf@miitbeian.gov.cn,Female,156.196.167.13
701,Lin,Heggs,lheggsjg@ebay.com,Male,2.252.96.107
702,Lammond,Musson,lmussonjh@clickbank.net,Male,252.123.224.9
703,Darrelle,Braine,dbraineji@bloglines.com,Female,38.27.221.28
704,Elmira,Kirkup,ekirkupjj@squidoo.com,Female,198.36.80.202
705,Lissa,McGarrity,lmcgarrityjk@intel.com,Agender,206.71.69.7
706,Kip,Tembridge,ktembridgejl@newyorker.com,Male,151.168.238.87
707,Dalenna,Flarity,dflarityjm@mashable.com,Female,31.239.168.54
708,Abner,Stansbury,astansburyjn@furl.net,Male,160.108.194.10
709,Basil,DelaField,bdelafieldjo@unblog.fr,Male,165.87.212.44
710,Kenton,D'Ugo,kdugojp@soundcloud.com,Male,26.101.44.178
711,Ange,Cocklin,acocklinjq@miibeian.gov.cn,Male,77.25.254.12
712,Berkly,Gremain,bgremainjr@blogger.com,Male,125.59.237.87
713,Fanchon,Rummer,frummerjs@sfgate.com,Female,93.147.153.192
714,Kizzie,Goff,kgoffjt@census.gov,Genderfluid,148.31.168.189
715,Corine,Hearons,chearonsju@ameblo.jp,Female,40.146.185.87
716,Austin,Gravell,agravelljv@csmonitor.com,Female,108.231.223.121
717,Lebbie,Neller,lnellerjw@apple.com,Female,101.99.49.175
718,Tera,Lissemore,tlissemorejx@furl.net,Female,196.219.248.125
719,Holt,Verchambre,hverchambrejy@sciencedaily.com,Male,3.28.124.41
720,Elsi,Fridlington,efridlingtonjz@vkontakte.ru,Female,5.84.62.115
721,Hallsy,McAirt,hmcairtk0@netscape.com,Male,192.198.175.107
722,Ashley,Orable,aorablek1@slate.com,Non-binary,125.6.91.203
723,Stacy,Reeder,sreederk2@dedecms.com,Male,10.93.195.200
724,Diandra,Sollars,dsollarsk3@smugmug.com,Female,147.115.104.129
725,Dunc,Camden,dcamdenk4@github.io,Male,113.193.55.182
726,Silvie,Decayette,sdecayettek5@gmpg.org,Female,109.121.140.50
727,Humbert,Bolt,hboltk6@usgs.gov,Male,79.56.47.134
728,Cozmo,Devany,cdevanyk7@simplemachines.org,Male,156.255.70.93
729,Maude,Trevethan,mtrevethank8@cdc.gov,Female,182.162.96.128
730,Legra,McReedy,lmcreedyk9@constantcontact.com,Female,219.20.229.128
731,Kathryn,Gummory,kgummoryka@wix.com,Female,183.73.23.1
732,Chloe,Epsley,cepsleykb@cafepress.com,Female,70.61.167.237
733,Jacob,Studders,jstudderskc@skype.com,Male,133.190.211.15
734,Jarvis,Chishull,jchishullkd@cnbc.com,Male,152.31.81.189
735,Karna,Scollick,kscollickke@newyorker.com,Female,193.102.43.156
736,Brigit,Heister,bheisterkf@furl.net,Female,207.16.96.232
737,Kort,Goodyer,kgoodyerkg@vinaora.com,Male,9.140.201.81
738,Allyce,Sanchis,asanchiskh@bandcamp.com,Female,212.60.37.64
739,Fielding,Giaomozzo,fgiaomozzoki@tiny.cc,Male,105.121.12.101
740,Meredith,Tremellier,mtremellierkj@cpanel.net,Genderqueer,77.128.222.159
741,Danit,Pahler,dpahlerkk@berkeley.edu,Female,53.199.220.253
742,Pierce,Clemow,pclemowkl@over-blog.com,Male,219.144.223.204
743,Bob,Celes,bceleskm@cargocollective.com,Male,243.172.235.133
744,Shirl,Czajkowska,sczajkowskakn@nhs.uk,Polygender,180.217.6.139
745,Lianna,Lucus,llucusko@msn.com,Genderfluid,221.222.164.247
746,Bil,Danev,bdanevkp@wsj.com,Male,82.62.102.52
747,Norene,Demangeon,ndemangeonkq@illinois.edu,Female,41.60.24.251
748,Will,Flockhart,wflockhartkr@mapy.cz,Male,247.90.234.94
749,Iver,Goodey,igoodeyks@edublogs.org,Male,174.175.33.215
750,Gretel,McComb,gmccombkt@ycombinator.com,Female,178.7.194.127
751,Dorian,Lints,dlintsku@facebook.com,Male,106.86.157.41
752,Caldwell,Dixcey,cdixceykv@omniture.com,Male,40.214.98.60
753,Derril,Cleen,dcleenkw@blinklist.com,Male,255.244.246.183
754,Cory,Jado,cjadokx@cpanel.net,Male,252.98.205.144
755,Corette,Angeau,cangeauky@ebay.co.uk,Female,128.219.75.168
756,Lawton,Ardy,lardykz@flickr.com,Male,147.103.118.240
757,Shell,Broadstock,sbroadstockl0@nytimes.com,Male,128.211.189.104
758,Harrietta,Olsen,holsenl1@cdbaby.com,Female,234.189.154.59
759,Abrahan,Bryers,abryersl2@ihg.com,Male,8.56.124.140
760,Kelvin,Topley,ktopleyl3@ustream.tv,Male,118.116.176.48
761,Roanna,Francescuzzi,rfrancescuzzil4@cargocollective.com,Female,23.17.197.202
762,Jule,Aveling,javelingl5@github.com,Male,9.118.64.3
763,Onfroi,Morbey,omorbeyl6@t-online.de,Male,52.104.53.141
764,Nikolia,Gallaher,ngallaherl7@twitpic.com,Female,191.22.246.215
765,Ninetta,Faughny,nfaughnyl8@webeden.co.uk,Female,171.142.118.35
766,Robyn,Premble,rpremblel9@digg.com,Female,133.46.106.216
767,Husain,Doylend,hdoylendla@unesco.org,Genderqueer,102.90.120.153
768,Cary,Evesque,cevesquelb@icio.us,Male,143.55.223.31
769,Laurice,Wasselin,lwasselinlc@slashdot.org,Female,115.112.199.48
770,Aubree,St Louis,astlouisld@pagesperso-orange.fr,Female,240.94.198.141
771,Diego,Prangley,dprangleyle@dagondesign.com,Male,86.79.126.104
772,Cyrillus,Cruddace,ccruddacelf@jimdo.com,Male,153.11.31.220
773,Prentice,Wife,pwifelg@archive.org,Male,5.4.39.76
774,Ogdon,Egle of Germany,oegleofgermanylh@uiuc.edu,Male,179.191.131.50
775,Reed,Danjoie,rdanjoieli@foxnews.com,Male,193.0.15.67
776,Booth,Paulisch,bpaulischlj@typepad.com,Male,33.166.252.160
777,Thor,Samart,tsamartlk@nba.com,Male,195.24.95.46
778,Gardy,Tigwell,gtigwellll@amazon.com,Male,108.131.242.94
779,Rollie,Habert,rhabertlm@illinois.edu,Male,27.21.198.165
780,Thomasine,Oxnam,toxnamln@mozilla.com,Female,120.24.50.234
781,Galven,Hemshall,ghemshalllo@prlog.org,Male,128.93.95.240
782,Eleanora,Schachter,eschachterlp@cnbc.com,Female,54.35.24.233
783,Angie,Bolton,aboltonlq@sciencedaily.com,Female,49.68.137.109
784,Florencia,Ligertwood,fligertwoodlr@behance.net,Female,204.225.236.177
785,Ambur,Toland,atolandls@privacy.gov.au,Female,242.109.93.26
786,Garner,Brecon,gbreconlt@ifeng.com,Male,141.125.247.192
787,Jess,Croft,jcroftlu@desdev.cn,Polygender,147.224.32.135
788,Arlen,Morlon,amorlonlv@blog.com,Male,36.106.211.165
789,Nels,Woolfoot,nwoolfootlw@unc.edu,Male,227.211.106.25
790,Frederick,O'Shiel,foshiellx@bbc.co.uk,Male,119.11.52.160
791,Knox,Baumaier,kbaumaierly@columbia.edu,Male,195.227.177.92
792,Shaine,McSkeagan,smcskeaganlz@behance.net,Female,47.123.209.180
793,Lea,Tutchings,ltutchingsm0@fda.gov,Female,220.65.184.107
794,Rene,Eede,reedem1@imdb.com,Female,154.201.67.44
795,Leda,Fortesquieu,lfortesquieum2@paypal.com,Female,217.130.127.59
796,Francis,Allderidge,fallderidgem3@state.gov,Male,20.186.61.119
797,Jonathon,Lackham,jlackhamm4@usatoday.com,Male,248.213.106.148
798,Neil,Bateup,nbateupm5@spiegel.de,Male,60.203.86.28
799,Row,Tzarkov,rtzarkovm6@cbsnews.com,Female,124.87.42.139
800,Field,Bourthouloume,fbourthouloumem7@state.gov,Male,97.49.249.62
801,Tanitansy,Tams,ttamsm8@usatoday.com,Polygender,73.185.176.185
802,Adi,Scutter,ascutterm9@forbes.com,Female,225.0.183.246
803,Woody,Nicholson,wnicholsonma@free.fr,Male,133.31.19.99
804,Barr,O'Bradden,bobraddenmb@oakley.com,Male,88.173.124.131
805,Lewiss,McConnell,lmcconnellmc@pcworld.com,Male,142.240.213.27
806,Almeria,Kinvan,akinvanmd@merriam-webster.com,Female,1.228.11.166
807,Ronny,Shildrick,rshildrickme@vk.com,Agender,211.254.123.217
808,Hercule,McGuiney,hmcguineymf@princeton.edu,Male,8.130.124.40
809,Martie,Le Teve,mletevemg@newyorker.com,Male,178.127.208.48
810,Lacee,Tichner,ltichnermh@ucoz.ru,Female,111.120.154.191
811,Louise,Bresland,lbreslandmi@dagondesign.com,Female,147.93.107.41
812,Kippy,Heinzler,kheinzlermj@reddit.com,Male,116.234.253.137
813,Christian,Cabrara,ccabraramk@vimeo.com,Female,196.60.191.248
814,Cecily,Muir,cmuirml@hao123.com,Female,199.28.161.255
815,Silvio,Hunt,shuntmm@51.la,Genderqueer,134.124.82.163
816,Dani,Oylett,doylettmn@marketwatch.com,Female,87.67.40.235
817,Kristoforo,Caught,kcaughtmo@merriam-webster.com,Male,121.229.181.48
818,Winnifred,Boater,wboatermp@goodreads.com,Female,135.45.159.91
819,Lorelei,Fidock,lfidockmq@bigcartel.com,Agender,180.145.92.249
820,Trudi,Zuppa,tzuppamr@hugedomains.com,Female,66.106.84.114
821,Ynez,Castaner,ycastanerms@list-manage.com,Female,194.232.235.218
822,Haily,Larmour,hlarmourmt@comsenz.com,Male,22.149.12.253
823,Milo,Escolme,mescolmemu@yelp.com,Male,171.149.60.67
824,Burl,Ruscoe,bruscoemv@live.com,Male,5.235.134.126
825,Honoria,Pickthorne,hpickthornemw@reddit.com,Female,103.22.245.255
826,Gail,Wyndham,gwyndhammx@miitbeian.gov.cn,Female,12.101.21.221
827,Bendix,Biddwell,bbiddwellmy@dot.gov,Male,133.223.70.154
828,Isadora,Fisk,ifiskmz@reverbnation.com,Female,215.21.63.171
829,Sidonia,Janowicz,sjanowiczn0@marketwatch.com,Bigender,222.147.82.21
830,Engracia,Drummond,edrummondn1@comsenz.com,Female,68.71.21.42
831,Malorie,Northgraves,mnorthgravesn2@ihg.com,Female,247.180.86.49
832,Katherine,Stewart,kstewartn3@google.ca,Female,8.46.54.41
833,Lorry,Petran,lpetrann4@ca.gov,Female,187.208.36.79
834,Darrell,Ibbett,dibbettn5@furl.net,Male,78.220.113.251
835,Derk,Maginot,dmaginotn6@odnoklassniki.ru,Male,192.9.108.255
836,Derby,Sidon,dsidonn7@uiuc.edu,Male,86.217.235.110
837,Hettie,Hanton,hhantonn8@diigo.com,Female,169.251.55.25
838,Loraine,Vail,lvailn9@marketwatch.com,Non-binary,87.157.99.64
839,Lotty,Barchrameev,lbarchrameevna@xing.com,Female,102.103.197.204
840,Delilah,Boosey,dbooseynb@upenn.edu,Female,29.193.209.143
841,Francois,Doolan,fdoolannc@epa.gov,Male,123.193.74.130
842,Lotti,Vampouille,lvampouillend@sciencedirect.com,Female,123.158.204.238
843,Dre,Fibbitts,dfibbittsne@cbsnews.com,Female,106.186.158.142
844,Elmore,Latliff,elatliffnf@theglobeandmail.com,Male,64.156.131.189
845,Doretta,Denes,ddenesng@zdnet.com,Female,179.118.206.156
846,Linoel,Chance,lchancenh@soup.io,Male,74.90.148.123
847,Paige,Louch,plouchni@indiegogo.com,Female,214.105.134.19
848,Adrian,Hamerton,ahamertonnj@forbes.com,Male,51.206.89.82
849,Jandy,Nolleth,jnollethnk@imdb.com,Female,100.181.94.147
850,Emili,Woodger,ewoodgernl@huffingtonpost.com,Female,25.103.150.44
851,Hortensia,Braine,hbrainenm@prlog.org,Female,249.22.12.111
852,Faber,Chinnery,fchinnerynn@patch.com,Male,237.73.232.228
853,Lissy,Graveson,lgravesonno@phoca.cz,Female,224.48.56.32
854,Andromache,Edgin,aedginnp@issuu.com,Female,253.97.209.153
855,Stanley,Stratiff,sstratiffnq@1688.com,Male,165.120.6.35
856,Thaine,Spivie,tspivienr@narod.ru,Male,98.161.105.193
857,Paige,Dealey,pdealeyns@paypal.com,Male,64.96.155.47
858,Ellie,Dakhno,edakhnont@xrea.com,Female,35.160.190.109
859,Devan,Emmerson,demmersonnu@ed.gov,Polygender,188.175.22.28
860,Patten,Ballinger,pballingernv@google.pl,Male,46.35.141.11
861,Petrina,Dabell,pdabellnw@thetimes.co.uk,Non-binary,35.20.191.77
862,Orland,Borsi,oborsinx@weather.com,Male,206.0.235.170
863,Corella,Heinz,cheinzny@wunderground.com,Female,254.48.246.253
864,Thaine,Skally,tskallynz@phoca.cz,Male,106.94.26.91
865,Giselle,Varfolomeev,gvarfolomeevo0@dell.com,Female,228.238.219.173
866,Burke,Peniello,bpenielloo1@cnet.com,Male,165.244.17.205
867,Gratia,Dochon,gdochono2@newsvine.com,Female,179.98.9.247
868,Marjorie,Syson,msysono3@clickbank.net,Female,33.137.220.30
869,Raquela,Silber,rsilbero4@foxnews.com,Female,96.118.9.181
870,Wyatt,Cariss,wcarisso5@upenn.edu,Male,182.37.158.118
871,Carmon,Sorel,csorelo6@taobao.com,Female,72.204.77.211
872,Kylila,Fairpool,kfairpoolo7@auda.org.au,Female,77.204.7.8
873,Twyla,Worrall,tworrallo8@spiegel.de,Female,86.76.170.245
874,Reginald,Pattington,rpattingtono9@indiegogo.com,Male,111.49.0.208
875,Mayne,Deble,mdebleoa@gizmodo.com,Male,94.48.199.203
876,Bobbette,Folshom,bfolshomob@studiopress.com,Non-binary,178.135.79.242
877,Adda,Beetles,abeetlesoc@umn.edu,Female,71.251.208.22
878,Job,Exter,jexterod@tinypic.com,Male,171.117.211.192
879,Frederica,Pessold,fpessoldoe@bloglovin.com,Female,79.160.113.162
880,Wandie,Simonian,wsimonianof@msn.com,Female,122.115.139.219
881,Gweneth,Noli,gnoliog@japanpost.jp,Female,148.144.252.141
882,Silvano,Downage,sdownageoh@cafepress.com,Male,25.38.39.159
883,Bronson,Jesper,bjesperoi@bloomberg.com,Male,43.246.32.131
884,Portia,Week,pweekoj@huffingtonpost.com,Female,155.209.5.117
885,Louisa,Haldane,lhaldaneok@dailymotion.com,Female,138.165.95.141
886,Giana,MacClinton,gmacclintonol@so-net.ne.jp,Female,102.115.78.101
887,Mohammed,Elks,melksom@hubpages.com,Male,206.152.150.149
888,Jodi,Edgcumbe,jedgcumbeon@mayoclinic.com,Male,195.198.78.63
889,Orsa,Rendell,orendelloo@businesswire.com,Female,237.98.44.65
890,Curcio,Iacopini,ciacopiniop@gizmodo.com,Non-binary,52.249.85.153
891,Cullan,Bode,cbodeoq@51.la,Male,152.10.180.137
892,Harris,McLarty,hmclartyor@elpais.com,Male,202.120.154.76
893,Tandy,Nelles,tnellesos@slideshare.net,Female,202.95.176.244
894,Prinz,Bordis,pbordisot@moonfruit.com,Male,198.142.252.49
895,Lavena,Auguste,laugusteou@mail.ru,Female,81.54.228.210
896,Rex,Mapledorum,rmapledorumov@myspace.com,Male,28.6.181.132
897,Juieta,Gaughan,jgaughanow@wikispaces.com,Female,151.120.72.134
898,Bernhard,Bonnin,bbonninox@noaa.gov,Male,255.173.43.24
899,Mathilde,Herche,mhercheoy@engadget.com,Female,224.124.14.81
900,Willette,Drawmer,wdrawmeroz@businessweek.com,Agender,50.189.170.187
901,Bonny,Proffer,bprofferp0@europa.eu,Female,255.155.16.171
902,Orelee,Rysdale,orysdalep1@shareasale.com,Female,172.129.56.112
903,Alyosha,Speer,aspeerp2@com.com,Male,128.169.172.118
904,Cathrine,Struis,cstruisp3@pagesperso-orange.fr,Female,69.149.22.60
905,Leese,McParlin,lmcparlinp4@friendfeed.com,Polygender,112.129.249.13
906,Frannie,Smale,fsmalep5@statcounter.com,Male,106.116.129.178
907,Abeu,Itscowicz,aitscowiczp6@mashable.com,Male,171.253.133.65
908,Franny,Reis,freisp7@cornell.edu,Female,40.164.63.127
909,Cathrine,Permain,cpermainp8@auda.org.au,Female,64.230.86.95
910,Merissa,Clows,mclowsp9@spotify.com,Female,184.119.9.104
911,Sutherlan,McElhargy,smcelhargypa@over-blog.com,Male,78.83.205.207
912,Oralee,Grigoriscu,ogrigoriscupb@mediafire.com,Female,240.8.87.181
913,Rodina,Hoble,rhoblepc@sitemeter.com,Female,78.176.21.74
914,Cynthy,Horrigan,chorriganpd@hc360.com,Bigender,209.199.51.6
915,Loren,Bergstram,lbergstrampe@sphinn.com,Male,63.227.242.12
916,Anetta,Polleye,apolleyepf@umn.edu,Bigender,223.32.92.141
917,Barbara-anne,Scripps,bscrippspg@linkedin.com,Female,207.148.166.178
918,Gwenni,Outram,goutramph@sphinn.com,Female,173.211.106.186
919,Gavin,Aries,gariespi@e-recht24.de,Male,72.66.46.124
920,Madelene,Veall,mveallpj@nature.com,Female,83.116.122.41
921,Franciskus,Lovie,floviepk@opensource.org,Male,163.212.79.19
922,Danie,Yearsley,dyearsleypl@state.tx.us,Male,196.109.234.213
923,Chlo,Bardell,cbardellpm@techcrunch.com,Female,141.107.106.97
924,Ginnifer,Roger,grogerpn@census.gov,Female,108.55.207.214
925,Madelyn,Portchmouth,mportchmouthpo@cbsnews.com,Agender,50.203.196.22
926,Gregor,Cettell,gcettellpp@youku.com,Bigender,136.210.85.8
927,Olivette,Gaitley,ogaitleypq@nhs.uk,Female,53.55.38.62
928,Cass,Bartolomieu,cbartolomieupr@thetimes.co.uk,Male,23.149.117.117
929,Yvette,Ondricek,yondricekps@1688.com,Agender,171.33.139.255
930,Nickie,Grelka,ngrelkapt@java.com,Male,170.107.11.164
931,Charlton,Minster,cminsterpu@mysql.com,Male,68.141.68.63
932,Joellyn,Ilive,jilivepv@symantec.com,Female,4.228.79.64
933,Tulley,Wills,twillspw@salon.com,Male,155.136.93.149
934,Josy,Spurrier,jspurrierpx@narod.ru,Female,102.236.83.241
935,Galen,Barock,gbarockpy@mozilla.com,Male,145.194.7.195
936,Tulley,Hannaway,thannawaypz@columbia.edu,Male,251.169.30.40
937,Thaine,Jayne,tjayneq0@seattletimes.com,Male,38.210.178.88
938,Zorina,Gaymer,zgaymerq1@globo.com,Female,20.250.120.253
939,Kipp,Leverton,klevertonq2@nhs.uk,Polygender,221.44.56.180
940,Moyna,Surmeyer,msurmeyerq3@go.com,Female,145.178.29.30
941,Fred,Mc Trusty,fmctrustyq4@yahoo.co.jp,Female,214.147.131.96
942,Wilmette,Antony,wantonyq5@naver.com,Female,4.57.73.83
943,Dorian,O'Sheeryne,dosheeryneq6@ucoz.com,Female,164.100.125.104
944,Hyatt,Steanson,hsteansonq7@bizjournals.com,Male,47.251.59.201
945,Urban,Philpot,uphilpotq8@nationalgeographic.com,Male,57.10.142.196
946,Kendal,Hearsey,khearseyq9@goodreads.com,Male,172.168.36.86
947,Bert,Falck,bfalckqa@ebay.co.uk,Male,67.252.189.124
948,Claudius,Molloy,cmolloyqb@cocolog-nifty.com,Male,148.83.187.50
949,Chandra,Shemming,cshemmingqc@blog.com,Female,64.147.238.99
950,Cordie,Thornhill,cthornhillqd@ovh.net,Male,241.82.200.113
951,Elna,Baniard,ebaniardqe@dell.com,Female,74.52.48.221
952,Meggi,Lansbury,mlansburyqf@dmoz.org,Female,185.195.108.169
953,Aleksandr,Mindenhall,amindenhallqg@pagesperso-orange.fr,Male,50.41.40.45
954,Dewain,Motte,dmotteqh@sciencedaily.com,Male,101.199.76.14
955,Bernadette,Santore,bsantoreqi@discovery.com,Female,76.0.120.175
956,Malynda,Sharples,msharplesqj@csmonitor.com,Female,125.203.188.254
957,Torrey,Dow,tdowqk@irs.gov,Male,34.176.122.230
958,Christalle,Checkley,ccheckleyql@youtu.be,Female,101.60.149.231
959,Sibeal,Rickasse,srickasseqm@stumbleupon.com,Female,69.102.128.164
960,Darn,Seear,dseearqn@sphinn.com,Male,215.246.231.243
961,Germaine,Erskine,gerskineqo@timesonline.co.uk,Male,23.11.94.1
962,Brocky,Stode,bstodeqp@4shared.com,Male,105.123.221.230
963,Raviv,Weems,rweemsqq@cloudflare.com,Polygender,135.130.175.76
964,Martguerita,Onn,monnqr@mapquest.com,Female,231.58.167.117
965,Averyl,Varnals,avarnalsqs@examiner.com,Female,55.117.25.44
966,Elianore,Artindale,eartindaleqt@vinaora.com,Female,210.120.160.146
967,Jerri,McTague,jmctaguequ@ftc.gov,Male,125.101.168.224
968,Terencio,Root,trootqv@lulu.com,Male,215.97.211.194
969,Orbadiah,Kingett,okingettqw@issuu.com,Male,67.121.169.211
970,Catharine,Hynd,chyndqx@comcast.net,Female,155.193.97.233
971,Dasi,Soaper,dsoaperqy@soup.io,Female,34.122.135.146
972,Michaella,Ranahan,mranahanqz@51.la,Female,204.253.194.91
973,Starlin,O'Flaherty,soflahertyr0@addthis.com,Female,206.4.54.179
974,Fernandina,Escot,fescotr1@alibaba.com,Female,15.175.54.167
975,Hi,Clifft,hclifftr2@xrea.com,Male,231.84.82.232
976,Baily,Nickolls,bnickollsr3@japanpost.jp,Male,245.77.102.180
977,Graeme,Lowne,glowner4@yahoo.com,Polygender,160.180.123.11
978,Ignaz,Fend,ifendr5@businesswire.com,Male,57.246.55.117
979,Buckie,Gookey,bgookeyr6@cam.ac.uk,Male,19.96.0.149
980,Cammy,Ottery,cotteryr7@freewebs.com,Male,212.195.21.28
981,Gay,Beteriss,gbeterissr8@go.com,Female,77.226.176.170
982,Jenica,Mundow,jmundowr9@tripadvisor.com,Female,60.73.222.125
983,Cordell,Riddington,criddingtonra@free.fr,Male,254.147.68.51
984,Susanetta,Slyde,sslyderb@goo.ne.jp,Female,119.47.80.176
985,Merell,Hurdedge,mhurdedgerc@liveinternet.ru,Male,52.129.46.207
986,Drucie,Kneale,dknealerd@bigcartel.com,Female,151.55.46.63
987,Alric,Kadwallider,akadwalliderre@huffingtonpost.com,Male,57.246.14.207
988,Hedvige,Lackeye,hlackeyerf@chicagotribune.com,Female,248.85.77.117
989,Marcos,Blenkharn,mblenkharnrg@dagondesign.com,Male,25.111.140.13
990,Birgit,Coates,bcoatesrh@example.com,Female,151.57.134.107
991,Juieta,Carus,jcarusri@tripadvisor.com,Genderfluid,72.218.70.72
992,Carolynn,Aleksashin,caleksashinrj@163.com,Female,16.59.111.66
993,Gregory,Nesbit,gnesbitrk@delicious.com,Male,224.228.99.124
994,Miles,MacKowle,mmackowlerl@uiuc.edu,Male,112.106.244.255
995,Emelyne,Kestle,ekestlerm@devhub.com,Female,119.46.46.105
996,Ingram,Orrah,iorrahrn@imageshack.us,Male,219.207.1.128
997,Bamby,Pledge,bpledgero@baidu.com,Female,195.107.254.39
998,Neile,McAndie,nmcandierp@so-net.ne.jp,Female,201.151.89.158
999,Devin,Ullyott,dullyottrq@merriam-webster.com,Male,143.130.31.95
1000,Shirline,Attac,sattacrr@chicagotribune.com,Female,142.41.150.107
